Dataset,Mode,Label,Count,Percentage,Total Rows
synthetic,all_rows,0,1112,19.06,5833
synthetic,all_rows,1,4721,80.94,5833
synthetic,predictions_only,0,0,0.0,4721
synthetic,predictions_only,1,4721,100.0,4721
financial_phrasebank,all_rows,0,4388,90.55,4846
financial_phrasebank,all_rows,1,458,9.45,4846
financial_phrasebank,predictions_only,0,0,0.0,458
financial_phrasebank,predictions_only,1,458,100.0,458
chronicle2050,all_rows,0,5259,82.15,6402
chronicle2050,all_rows,1,1143,17.85,6402
chronicle2050,predictions_only,0,0,0.0,1143
chronicle2050,predictions_only,1,1143,100.0,1143
timebank,all_rows,0,2470,81.79,3020
timebank,all_rows,1,550,18.21,3020
timebank,predictions_only,0,0,0.0,550
timebank,predictions_only,1,550,100.0,550
yt,all_rows,0,578,36.47,1585
yt,all_rows,1,1007,63.53,1585
yt,predictions_only,0,0,0.0,1007
yt,predictions_only,1,1007,100.0,1007
news_api,all_rows,0,227,30.27,750
news_api,all_rows,1,523,69.73,750
news_api,predictions_only,0,0,0.0,523
news_api,predictions_only,1,523,100.0,523
mf_climate,all_rows,0,0,0.0,3617
mf_climate,all_rows,1,3617,100.0,3617
mf_climate,predictions_only,0,0,0.0,3617
mf_climate,predictions_only,1,3617,100.0,3617
clients_rivals_rouges,all_rows,0,0,0.0,12
clients_rivals_rouges,all_rows,1,12,100.0,12
clients_rivals_rouges,predictions_only,0,0,0.0,12
clients_rivals_rouges,predictions_only,1,12,100.0,12
forecast_bench,all_rows,0,0,0.0,968
forecast_bench,all_rows,1,968,100.0,968
forecast_bench,predictions_only,0,0,0.0,968
forecast_bench,predictions_only,1,968,100.0,968
smart_hospitals,all_rows,0,0,0.0,23
smart_hospitals,all_rows,1,23,100.0,23
smart_hospitals,predictions_only,0,0,0.0,23
smart_hospitals,predictions_only,1,23,100.0,23
